pond,rep,fiber_m3,blue.red_m3,other_m3,total_m3,fiber_L,blue.red_L,other_L,total_L
Blank,A,NA,NA,NA,NA,NA,NA,NA,NA
DP,A,80,8.88888888888889,0,88.8888888888889,0.08,0.00888888888888889,0,0.0888888888888889
DP,B,192.222222222222,3.33333333333333,2.22222222222222,197.777777777778,0.192222222222222,0.00333333333333333,0.00222222222222222,0.197777777777778
LPP,A,1050,16.6666666666667,13.8888888888889,1080.55555555556,1.05,0.0166666666666667,0.0138888888888889,1.08055555555556
LPP,B,891.666666666667,22.2222222222222,5.55555555555556,919.444444444444,0.891666666666667,0.0222222222222222,0.00555555555555556,0.919444444444444
LPP,C,805.555555555556,2.77777777777778,2.77777777777778,811.111111111111,0.805555555555556,0.00277777777777778,0.00277777777777778,0.811111111111111
